,Stock,Stock Price,Market Cap,Volatility,Liquidity,P/E Ratio,EPS,Listing Exchange,Penny or Not
0,UEPEO,70.05000305,7153786368,0.019124389,100,13.72722,5.103,PNK,1
1,UEPCP,68.80000305,7026131456,0.010467529,0,13.482265,5.103,PNK,1
2,BLPG,0.079999998,660012,0.156878756,30001,8,0.01,PNK,1
3,AIZ,168.3000031,8850998272,0.017511278,412900,17.155962,9.81,NYQ,0
4,ADC,60.11000061,6063115264,0.01138865,732700,35.35882,1.7,NYQ,0
5,FNMAM,3.650000095,2805638400,0.036720139,10100,521.4286,0.007,PNK,1
6,RSRV,172.9900055,26960492,0.022593644,0,13.621261,12.7,PNK,1
7,AOS,76.73999786,11412772864,0.017839698,696600,38.179104,2.01,NYQ,0
8,GULTU,0.014,3130352,0.097151255,112800,1.36,0.01,PNK,1
9,CWGL,5.889999866,124292736,0.018104987,9800,42.057144,0.14,PNK,1
10,KAYS,0.0425,942344,0.104215009,1500,0.30357143,0.14,PNK,1
11,ADP,232.9400024,95809388544,0.013825727,1647700,27.697979,8.41,NMS,0
12,AOD,7.920000076,835013504,0.008657771,342565,19.8,0.4,NYQ,0
13,AFG,116.4599991,9756762112,0.014647041,408993,11.451327,10.17,NYQ,0
14,AXTA,32.18999863,7084471808,0.01821137,2128500,30.08411,1.07,NYQ,0
15,ALE,56.04999924,3221608192,0.013486389,347100,13.004641,4.31,NYQ,0
16,AVNW,31.34000015,390396128,0.027157796,67335,20.089745,1.56,NMS,0
17,HRT,13.27999973,898321664,0.031440572,225414,147.55554,0.09,NYQ,0
18,GFMH,0.00404,561418,0.088411809,2250,Infinity,0,PNK,1
19,ALG,187.4400024,2251491840,0.019731017,62400,16.780663,11.17,NYQ,0
20,PDNLA,0.029999999,132373,0.889981117,0,Infinity,0,PNK,1
21,RNVA,5.00E-05,2027565,0.265718697,1580800,0.001,0.05,PNK,1
22,PFBX,14.25,66585832,0.027750486,2400,5.2973976,2.69,PNK,1
23,HHSE,0.0056,8439928,0.114538065,98444,Infinity,0,PNK,1
24,GOOG,133.3200073,1.65885E+12,0.019485164,24258400,25.491398,5.23,NMS,0
25,FNMFO,6200,2269038848,0.034522271,1900,885714.25,0.007,PNK,1
26,UHAL,58.43999863,11054686208,0.020682705,92744,15.542553,3.76,NYQ,0
27,FNMAH,1.940000057,2761066240,0.050255527,0,277.14285,0.007,PNK,1
28,GRST,0.0005,1864525,0.141164729,4340000,Infinity,0,PNK,1
29,SNNF,8.569999695,21042520,0.027364004,0,23.16216,0.37,PNK,1
30,ESOA,4.550000191,75797088,0.033583029,12000,21.666668,0.21,NCM,1
31,ALEX,17.21999931,1249075072,0.0150541,300300,26.492308,0.65,NYQ,0
32,GGROU,4.400000095,68158200,0.003304221,0,7.6923075,0.572,PNK,1
33,LUVU,0.090000004,6506554,0.073011088,0,8.5,0.01,PNK,1
34,AMMX,0.157000005,2331150,0.06663443,0,3.1439998,0.05,PNK,1
35,SYT,3.819999933,91484800,0.046682441,300,20.105263,0.19,NCM,0
36,FAF,60.41999817,6234195968,0.016628957,456153,26.61674,2.27,NYQ,0
37,FGPRB,168,255025680,0.031442047,293,80.76923,2.08,PNK,1
38,AMTD,1.830000043,3649184768,0.036270969,41200,0.6421053,2.85,NYQ,0
39,CIK,2.779999971,146352816,0.013139004,133061,8.6875,0.32,NYQ,0
40,ADUS,89.58000183,1455030016,0.024743385,66700,25.376772,3.53,NMS,0
41,RAYT,0.029100001,1459766,2.031674023,0,1.455,0.02,PNK,1
42,AU,20.04999924,8414663680,0.027622827,2924200,200.49998,0.1,NYQ,0
43,FMCCL,3.099999905,1390275584,0.043030422,6600,45.58823,0.068,PNK,1
44,AXS,57.27999878,4882644480,0.015673541,742876,9.1648,6.25,NYQ,0
45,ERC,9.319999695,261577904,0.008172862,71100,62.133327,0.15,ASE,0
46,GABC,30.06999969,889335296,0.01823478,74422,9.990033,3.01,NMS,0
47,ATI,43.06000137,5493465600,0.022459103,3701600,20.801933,2.07,NYQ,0
48,WBHC,35,408680992,0.001384939,0,7.2765074,4.81,PNK,1
49,AEIS,95.87000275,3574100736,0.021638581,207400,26.265753,3.65,NMS,0
50,ETST,0.064099997,20183934,0.187712014,107487,Infinity,0,PNK,1
51,GNAL,1.00E-04,6061,0.375445941,0,0.003333333,0.03,PNK,1
52,AAON,62.52999878,5080243200,0.021773243,454800,30.50244,2.05,NMS,0
53,AAT,21.10000038,1622720896,0.020810965,542714,25.731709,0.82,NYQ,0
54,AGX,47,625978880,0.019050753,78500,17.870722,2.63,NYQ,0
55,RELT,0.039949998,670560,0.116246497,0,3.995,0.01,PNK,1
56,FMCCO,3,1218801024,0.039730871,0,44.117645,0.068,PNK,1
57,UEPCN,73.25,7480583168,0.008079756,0,14.3543005,5.103,PNK,1
58,CAAS,3.660000086,110479664,0.045630046,27385,3.5533981,1.03,NCM,0
59,ABBV,143.4100037,2.53196E+11,0.012332982,4902200,39.18306,3.66,NYQ,0
60,NWPP,2.400000095,57047044,0.019834048,0,7.0588236,0.34,PNK,1
61,AILIM,83,2112549248,0.010716057,0,4.7561746,17.451,PNK,1
62,FNMAL,3.25999999,2439115776,0.038752017,200,465.71426,0.007,PNK,1
63,RSMDF,15.81989956,23481792512,0.022848598,0,25.515966,0.62,PNK,1
64,AMT,210.4700012,98113748992,0.017148565,2093300,141.25504,1.49,NYQ,0
65,ALLE,108.6900024,9541634048,0.016087149,689321,17.22504,6.31,NYQ,0
66,RBA,66.5,12125144064,0.017109457,1914800,65.19608,1.02,NYQ,0
67,AEP,80.51000214,42338279424,0.013046781,2784600,18.465597,4.36,NMS,0
68,AILLI,91,2316168448,0.005692068,100,5.214601,17.451,PNK,1
69,ARLP,21.20999908,2696321024,0.017859775,376300,3.814748,5.56,NMS,0
70,PPWLM,124,44275564544,0.054232361,500,52.144657,2.378,PNK,1
71,AP,2.75,54630952,0.03990574,7472,34.375,0.08,NYQ,0
72,AGCO,117.3700027,8788654080,0.018736227,888400,7.626381,15.39,NYQ,0
73,ARIS,8.399999619,484616992,0.036769212,269354,17.142857,0.49,NYQ,0
74,PRKR,0.200000003,17502120,0.088035602,169800,10,0.02,PNK,1
75,WCFB,7,22413510,0.022076739,0,77.77777,0.09,PNK,1
76,ABMC,0.0002,9620,0.380884074,0,0.01,0.02,PNK,1
77,NAII,6.079999924,37019964,0.031347641,10072,46.769234,0.13,NGM,0
78,ABT,104.8799973,1.82078E+11,0.01289716,4682300,35.67347,2.94,NYQ,0
79,CAR,195.7100067,7093587456,0.029659496,653400,4.2965975,45.55,NMS,0
80,PLDGP,56.79999924,43431440384,0.01369737,400,11.369096,4.996,PNK,1
81,FTCO,6.090000153,146674608,0.015433744,118400,7.5185184,0.81,PNK,1
82,AMNB,42.68999863,454285632,0.024814685,34900,15.03169,2.84,NMS,0
83,ASC,14.27999973,589746880,0.028617603,1028981,4.212389,3.39,NYQ,0
84,TEO,8.210000038,6357511680,0.037516066,113674,4.773256,1.72,NYQ,0
85,AGRX,2.160000086,5425186,0.053469785,22504,0.29548565,7.31,NCM,0
86,ALGT,71.34999847,1314395392,0.03161626,190400,7.631016,9.35,NMS,0
87,HOLI,22.94000053,1422839808,0.018395787,544800,12.202128,1.88,NMS,0
88,AL,39.68000031,4405551616,0.016347977,851400,8.896861,4.46,NYQ,0
89,FMCCK,3.200000048,1299443200,0.027381081,100,47.058823,0.068,PNK,1
90,AALI.JK,7325,1.40984E+13,0.011216201,101000,10.756715,680.97,JKT,0
91,AMGN,272.4500122,1.45809E+11,0.012949822,2303400,19.377668,14.06,NMS,0
92,LNT,51.49000168,13139167232,0.01259239,2267916,18.860806,2.73,NMS,0
93,ATEN,12.67000008,939331008,0.025315924,584619,24.365385,0.52,NYQ,0
94,BRK.AX,0.011,54302048,0.057278547,580362,Infinity,0,ASX,0
95,PIAC,0.230000004,27711780,0.119364229,0,23,0.01,PNK,1
96,TROLB,30,2191521024,0.019109361,0,24,1.25,PNK,1
97,SAMG,15.93000031,148822208,0.022716415,14713,13.057377,1.22,NGM,0
98,CFNB,16.59000015,160980400,0.006654898,800,9.816567,1.69,PNK,1
99,CPTP,11.60000038,76558960,0.019645438,1500,33.14286,0.35,PNK,1
100,ARTNB,40,436916000,0.018915294,0,25.477707,1.57,PNK,1
101,ATDS,12.11999989,1240546,0.143282695,0,6.09E-06,3314.89,PNK,1
102,AROC,14.52000046,2265962240,0.021411998,1059400,27.396229,0.53,NYQ,0
103,CII,18.64999962,823063680,0.010780836,80587,6.5669017,2.84,NYQ,0
104,ASH,82.26000214,4216639488,0.015087305,560600,26.28115,3.13,NYQ,0
105,FTLF,19.79999924,94180680,0.024525534,2300,22.5,0.88,NCM,1
106,ANF,77.87999725,3925229824,0.035247865,1323400,19.47,4,NYQ,0
107,AKAM,116.0299988,17501036544,0.015454708,1264100,35.054382,3.31,NMS,0
108,GOOGL,131.8600006,1.65897E+12,0.019363156,31431200,25.260538,5.22,NMS,0
109,FMCKP,3.049999952,1223568384,0.041911315,10800,44.85294,0.068,PNK,1
110,ARMK,28.29000092,7398061568,0.018176168,2484400,11.007783,2.57,NYQ,0
111,A,128.7899933,37622521856,0.01693403,1729600,30.737469,4.19,NYQ,0
112,AMWD,83.58000183,1339486592,0.025590934,363500,12.2731285,6.81,NMS,0
113,BUD,63.38999939,1.26968E+11,0.013154983,1331600,20.648209,3.07,NYQ,0
114,FMCCT,3.25999999,10501470208,0.039500637,220000,47.941174,0.068,PNK,1
115,KANP,24,86045520,0.020378106,0,8.080808,2.97,PNK,1
116,OTTW,10.97000027,27981070,0.014565577,0,13.54321,0.81,PNK,1
117,ARCB,124.7200012,2951112192,0.02850088,371400,23.139147,5.39,NMS,0
118,ANDE,50.81999969,1716308224,0.022616274,173800,26.747368,1.9,NMS,0
119,AILLN,75.44200134,1920179968,0.012089422,0,4.3230762,17.451,PNK,1
120,AIT,165.7200012,6423307264,0.018289406,266422,17.896328,9.26,NYQ,0
121,DAL,38.04999924,24483766272,0.019166252,11004100,7.179245,5.3,NYQ,0
122,IGD,4.920000076,390718848,0.008830997,249819,17.571428,0.28,NYQ,0
123,NVO,100.4000015,4.58635E+11,0.019256916,4565700,41.14754,2.44,NYQ,0
124,AWK,133.2400055,25942493184,0.013589172,1063800,27.528925,4.84,NYQ,0
125,ALGN,220.4499969,16890967040,0.034548274,1390300,46.70551,4.72,NMS,0
126,ANET,216.6399994,67396702208,0.028976677,1645000,36.106667,6,NYQ,0
127,VNORP,42,4477283840,0.10814058,0,65.21739,0.644,PNK,1
128,CBKM,15.81999969,49174888,0.025303019,500,4.6529408,3.4,PNK,1
129,FNMA,0.74000001,860924096,0.051694286,670600,Infinity,0,PNK,1
130,INLX,4.139999866,16865366,0.031441768,1500,25.875,0.16,ASE,1
131,CRAWA,27.05999947,95000624,0.032050408,2300,7.235294,3.74,PNK,1
132,CZFS,58.5,275307424,0.022721528,8800,13.386728,4.37,NCM,1
133,PGOL,0.074600004,5330147,0.091443284,0,Infinity,0,PNK,1
134,FMCCJ,3.059999943,1386746112,0.043313489,1400,44.999996,0.068,PNK,1
135,NOA,20.54999924,549447360,0.02708215,54803,11.947674,1.72,NYQ,0
136,RTSL,0.006,52993,0.189164182,0,0.6,0.01,PNK,1
137,FMCKO,1.950000048,1544466304,0.029357312,0,28.67647,0.068,PNK,1
138,AMSF,48.00999832,920913408,0.013298039,124994,14.504532,3.31,NMS,0
139,ALB,126.1600037,14805255168,0.028996481,2803400,4.472173,28.21,NYQ,0
140,VNJA,3,90000000,0.044860919,0,Infinity,0,PNK,1
141,AGO,67.94000244,3890013440,0.015694543,206300,9.119464,7.45,NYQ,0
142,HBIA,72.90000153,666663232,0.009922308,500,15.510639,4.7,PNK,1
143,ATHM,26.62999916,3281401856,0.024132604,276700,11.941704,2.23,NYQ,0
144,ARW,119.6399994,6479630336,0.016593238,1123600,6.6614704,17.96,NYQ,0
145,PSIX,2.559999943,58800384,0.04694831,5700,2.1694915,1.18,PNK,1
146,ALV,105.0400009,8838937600,0.018610998,598000,21.747412,4.83,NYQ,0
147,AGYS,87.90000153,2230313216,0.02882673,219023,187.02129,0.47,NMS,0
148,QCCO,0.600000024,10399800,0.065340982,0,Infinity,0,PNK,1
149,RVIV,0.493499994,57777500,0.090337392,18250,49.350002,0.01,PNK,1
150,FMCCM,3.079999924,1382655360,0.040300876,800,45.220585,0.068,PNK,1
151,PPWLO,91.01000214,32496156672,0.063806961,0,38.271698,2.378,PNK,1
152,AOXY,0.159999996,526870,0.308907651,14860,Infinity,0,PNK,1
153,CNPWM,32,193126400,0.008728032,0,0.4284605,74.686,PNK,1
154,ACGL,82.62999725,30835202048,0.015761592,1659888,10.661935,7.75,NMS,0
155,ACIW,27.42000008,2981184768,0.024831791,1152600,35.153847,0.78,NMS,0
156,WDLF,0.00045,3327655,0.107412263,54349267,Infinity,0,PNK,1
157,PMHG,21.90999985,71410824,0.016364317,100,7.4271183,2.95,PNK,1
158,ARCO,12.14000034,2557351936,0.021723337,1648300,14.11628,0.86,NYQ,0
159,FNMAJ,1.99000001,2746777088,0.031840048,103800,284.2857,0.007,PNK,1
160,FMCCG,3.059999943,1408181376,0.044696964,1200,44.999996,0.068,PNK,1
161,AHH,11.36999989,1012431360,0.016623182,349364,32.485714,0.35,NYQ,0
162,SFDL,21.03000069,68138240,0.023047294,4900,6.938944,3.03,PNK,1
163,FMCCS,3.24000001,1430764544,0.036970397,0,47.647057,0.068,PNK,1
164,DTII,0.055,180721,0.236826333,10100,0.11397917,0.48,PNK,1
165,FNMAI,1.899999976,2620290048,0.038536548,0,271.42856,0.007,PNK,1
166,ARTNA,42.75,436917824,0.017794688,34529,27.229298,1.57,NMS,0
167,FNMAS,2.289999962,2898498816,0.029202912,136676,327.14285,0.007,PNK,1
168,AJG,248,53545930752,0.011081696,866000,47.60077,5.21,NYQ,0
169,BABA,73.98999786,1.88436E+11,0.026871277,27946500,10.348251,7.15,NYQ,0
170,SEE,34.06000137,4919490560,0.021349568,1749200,15.99061,2.13,NYQ,0
171,LH,218.9700012,18590554112,0.011965087,841000,22.574228,9.7,NYQ,0
172,NAUH,0.029999999,865068,0.123310222,0,0.2057353,0.17,PNK,0
173,OTCM,58.75,700781760,0.015301043,1300,24.479166,2.4,PNK,1
174,FGPR,7.539999962,255026176,0.028493168,3200,3.6076555,2.09,PNK,1
175,BBVA,9.279999733,54799699968,0.018212498,1319600,6.977443,1.33,NYQ,0
176,ALSN,54.52000046,4878706176,0.016871688,530700,7.7443185,7.04,NYQ,0
177,UTGN,30.01000023,94935448,0.03186631,0,5.8958936,5.09,PNK,1
178,ASM,0.560000002,70828784,0.031234938,1297700,56.300003,0.01,ASE,0
179,CLRI,0.03104,7103321,0.113925437,0,Infinity,0,PNK,1
180,AMX,18.61000061,58302337024,0.014446584,1176700,12.574325,1.48,NYQ,0
181,DRFS,0.379999995,4260712,0.118932081,0,0.018147087,20.94,PNK,1
182,FGNV,0.759989977,38295136,0.020144592,0,75.999,0.01,PNK,1
183,DCLT,0.0027,425247,0.130823463,1026000,Infinity,0,PNK,1
184,VASO,0.219999999,38219544,0.045154328,263900,3.1142857,0.07,PNK,1
185,QNTO,12,28683360,0.020579489,1300,12.631579,0.95,PNK,1
186,AEE,78.97000122,20764766208,0.012556819,1981200,17.90703,4.41,NYQ,0
187,DOX,85.44999695,10170771456,0.011379573,773100,19.031181,4.49,NMS,0
188,AKR,15.68999958,1635635328,0.018827639,645800,65.375,0.24,NYQ,0
189,CYAP,0.200000003,254584,0.371629585,2507,Infinity,0,PNK,1
190,CNLTL,29.5,178038400,0.021818338,0,0.39498702,74.686,PNK,1
191,UBS,28.68000031,92730187776,0.019238943,3289600,3.0317125,9.46,NYQ,0
192,ASB,18.73999977,2828615680,0.023286625,2052100,7.6803274,2.44,NYQ,0
193,WMS,125.4700012,9775091712,0.025894592,475200,21.052013,5.96,NYQ,0
194,CRVW,0.059999999,36521760,0.11932594,0,Infinity,0,PNK,1
195,APOG,46.38000107,1023717952,0.017551752,142400,10.193406,4.55,NMS,0
196,AMTY,0.039999999,2652576,0.085903767,1000,3.5,0.01,PNK,1
197,FMCCP,3.140000105,1246350848,0.036938404,0,46.176468,0.068,PNK,1
198,NLCP,13.38000011,287132128,0.02051698,9500,11.634783,1.15,PNK,1
199,MDRX,12.13000011,1327507200,0.020022699,1657700,14.104651,0.86,NMS,0
200,ALKS,24.29000092,4058567680,0.020208423,4351200,19.58871,1.24,NMS,0
201,GLPI,47.68000031,12731323392,0.011663886,2328800,17.40146,2.74,NMS,0
202,FCNCB,1299,21386086400,0.0405215,100,1.6937661,766.93,PNK,1
203,ATSG,16.11000061,1051546432,0.033087543,445850,10.885136,1.48,NMS,0
204,PAC,152.3300018,7696884736,0.026056746,61448,14.832521,10.27,NYQ,0
205,HOMB,23.04999924,4650821632,0.018490143,1129646,11.028708,2.09,NYQ,0
206,ARCC,19.92000008,11354579968,0.011490661,3553000,8.623377,2.31,NMS,0
207,TBBA,7,18370380,0.034350678,500,4.827586,1.45,PNK,1
208,FKYS,14.25,86799032,0.024205978,500,12.391305,1.15,PNK,1
209,NUVR,11,56392380,0.029599926,0,8.8,1.25,PNK,1
210,AAP,54.09000015,3218463232,0.03158246,2211600,15.723837,3.44,NYQ,0
211,AREB,0.326000005,1674645,0.080371425,190000,0.00044244,754,NCM,1
212,UELMO,68,6944432128,0.005921727,0,13.325495,5.103,PNK,1
213,HOVVB,88.05000305,1141696512,0.078078822,0,8.254717,21.2,PNK,1
214,INRD,1.330000043,18887330,0.048807251,100,14.777778,0.09,PNK,1
215,PAYD,1.605000019,12857398,0.044145867,0,32.1,0.05,PNK,1
216,LNKB,6.5,240022896,0.025647927,93300,108.333336,0.06,NCM,1
217,AXR,17.37999916,91615360,0.023688053,10428,4.345,4,NYQ,0
218,GOL,3.690000057,5960530944,0.049136282,294852,2.1964288,1.68,NYQ,0
219,FMCCI,3.059999943,1390393600,0.039937512,700,44.999996,0.068,PNK,1
220,QURT,0.870000005,13636815,0.126232077,5500,87,0.01,PNK,1
221,FNMA,0.74000001,860924096,0.051694286,670600,Infinity,0,PNK,0
222,PKG,169.7100067,15210141696,0.015576809,1028600,19.4845,8.71,NYQ,0
223,OMAB,72.88999939,3936788992,0.028825907,48574,15.217119,4.79,NMS,0
224,AZN,64.79000092,2.00839E+11,0.013698842,3616200,34.280422,1.89,NMS,0
225,NOBH,27.5,89899696,0.024556482,100,8.184525,3.36,PNK,1
226,CRESY,8.840000153,1416406784,0.032822438,788001,2.87013,3.08,NMS,0
227,QMCI,0.270000011,24157572,0.063614186,200,Infinity,0,PNK,1
228,FREJN,3.119999886,1231055232,0.03150836,0,45.882347,0.068,PNK,1
229,ABM,42.15000153,2762182400,0.016887311,344400,11.839889,3.56,NYQ,0
230,FNMAO,3.450000048,2668561152,0.039030827,800,492.85715,0.007,PNK,1
231,PCTL,0.0015,1208395,0.123674547,256000,Infinity,0,PNK,1
232,LCTC,3.150000095,7730478,0.072350966,0,78.75001,0.04,PNK,1
233,EA,137.7599945,37060882432,0.013128749,1931700,37.84615,3.64,NMS,0
234,ABR,13.43999958,2533466880,0.024962198,8401700,7.59322,1.77,NYQ,0
235,CMRF,3.700000048,873600,143.5041978,0,0.00952381,0.21,PNK,1
236,UWHR,7.75,55792972,0.027688713,0,6.405041,1.21,PNK,1
237,EMYB,14.25,108359704,0.024714306,2100,7.307692,1.95,PNK,1
238,BVHBB,72,2382501632,0.075284657,0,19.251337,3.74,PNK,1
239,ASML,692.2000122,2.75978E+11,0.020215822,857600,32.89924,21.04,NMS,0
240,BAC,30.95999908,2.45009E+11,0.016802,46088100,8.672269,3.57,NYQ,0
241,CNLTN,31.79999924,191919360,0.01447542,100,0.42578262,74.686,PNK,1
242,APD,272.6400146,60582793216,0.015612661,1706200,26.44423,10.31,NYQ,0
243,CXW,14.43000031,1639320192,0.02396699,826669,25.31579,0.57,NYQ,0
244,AZZ,50.47999954,1265881856,0.01819502,110600,18.627306,2.71,NYQ,0
245,CNTHO,40.75,245934400,0.016117155,0,0.5456177,74.686,PNK,1
246,AB,29.09000015,3252174848,0.017492876,782000,13.162896,2.21,NYQ,0
247,BOTY,0.0003,1113513,0.21701918,972247,Infinity,0,PNK,1
248,CNLPM,32.25,194635200,0.016454834,800,0.43180785,74.686,PNK,1
249,FNMAT,2.230000019,2950847744,0.032745233,432880,318.5714,0.007,PNK,1
250,AIN,88.63999939,2765568000,0.016555915,145300,28.050632,3.16,NYQ,0
251,SYSX,0.021,52173032,122.1593079,337807,0.00100913,20.81,PNK,1
252,ACOR,10.31999969,12892998,0.073066012,3300,3.9770117,2.61,NMS,0
253,IMII,0.00075,1979152,0.214428231,0,Infinity,0,PNK,1
254,FMS,20.71999931,12232402944,0.0220781,235700,24.666666,0.84,NYQ,0
255,NMEX,0.055,4898267,0.164125603,0,Infinity,0,PNK,1
256,FMCB,950.0100098,713547776,0.012742951,100,8.3261175,114.1,PNK,1
257,BBXIB,7.099999905,115810936,0.025232369,0,6.016949,1.18,PNK,1
258,ELTP,0.140000001,139414000,0.096896382,610100,6.8750005,0.02,PNK,1
259,HIO,3.829999924,364229920,0.008673425,271116,12.766665,0.3,NYQ,0
260,ARE,118.1399994,20529778688,0.021052014,3032700,85.608696,1.38,NYQ,0
261,FDCT,0.017999999,5971171,0.185484574,25500,Infinity,0,PNK,1
262,AVT,47.43000031,4291722496,0.014962903,560900,5.527972,8.58,NMS,0
263,ADT,6.179999828,5696853504,0.026678395,2641100,88.28571,0.07,NYQ,0
264,ARDC,12.89999962,295603488,0.008195232,138854,9.847328,1.31,NYQ,0
265,ACLS,125.8600006,4121600256,0.028324469,454800,18.005724,6.99,NMS,0
266,NAT,4.059999943,847711744,0.029495079,3895900,7.25,0.56,NYQ,0
267,AWI,86.70999908,3830873856,0.016063163,327800,17.342,5,NYQ,0
268,EDXC,0.02,10127160,0.076787363,358310,2,0.01,PNK,1
269,CNPWP,32,193126400,0.00994453,0,0.4284605,74.686,PNK,1
270,ACN,338.0599976,2.12342E+11,0.015023036,1688000,31.359926,10.78,NYQ,0
271,MO,42.59999847,75344486400,0.010620239,6697700,8.693877,4.9,NYQ,0
272,MT,25.56999969,21286436864,0.019156553,1840700,5.0936255,5.02,NYQ,0
273,DGWR,0.020500001,38872716,0.461036881,0,0.024404764,0.84,PNK,1
274,FNRN,8.109999657,119466784,0.016523384,8900,6.097744,1.33,PNK,1
275,UEPEM,62.99000168,6432791040,0.016891019,200,12.3437195,5.103,PNK,1
276,MLCT,0.140000001,12153022,0.106120429,38100,3.3875,0.04,PNK,1
277,FMCKI,1.720000029,1295729408,0.042231759,2600,25.294117,0.068,PNK,1
278,SPRS,2.539999962,14118734,0.027726693,1800,7.2428575,0.35,PNK,1
279,FNMFM,2.109999895,1624229376,0.04763554,0,301.42856,0.007,PNK,1
280,FULO,0.25,4891275,0.126620584,0,12.5,0.02,PNK,1
281,AEO,19.51000023,3853966336,0.027641421,4110600,17.576576,1.11,NYQ,0
282,VSBC,16,3097799936,0.020135619,0,Infinity,0,PNK,1
283,JKHY,160.7899933,11710046208,0.017070007,486200,32.48283,4.95,NMS,0
284,SAIC,119.9199982,6348013056,0.012031185,561100,13.12035,9.14,NYQ,0
285,DB,12.59000015,25394786304,0.020920124,2234700,5.1387753,2.45,NYQ,0
286,RS,278.9100037,16029292544,0.01529877,287700,11.69434,23.85,NYQ,0
287,FNMAG,3.309999943,2463144704,0.037263601,12300,472.49997,0.007,PNK,1
288,ADI,183.0700073,90850689024,0.016429114,2332900,27.94962,6.55,NMS,0
289,HPTO,0.409999996,7780242,0.057846074,0,20.5,0.02,PNK,1
290,KALU,60.06999969,961991040,0.027254415,134033,75.0875,0.8,NMS,0
291,AAME,1.909999967,38968392,0.032514371,1921,13.642857,0.14,NGM,0
292,APT,5.21999979,60797860,0.021683845,94118,16.838709,0.31,ASE,0
293,UA,8.06000042,3652058624,0.026321309,3837683,8.955556,0.9,NYQ,0
294,ATRI,316.1499939,556373376,0.026861092,11500,26.171358,12.08,NMS,0
295,PBSV,0.850000024,19518976,0.062709359,4700,12.142858,0.07,PNK,1
296,AMED,93.04000092,3036202240,0.019319521,263400,1163,0.08,NMS,0
297,ADBE,612.4699707,2.78912E+11,0.020044765,2490000,54.97935,11.14,NMS,0
298,AAL,13.02000046,8509104128,0.022903969,48841500,5.4476986,2.39,NMS,0
299,AEHR,24.07999992,693487168,0.056037253,1071300,37.625,0.64,NCM,0
300,FNMFN,3.710000038,2701325312,0.032439681,749300,530,0.007,PNK,1
301,FMCKJ,2.150000095,1468458752,0.030414219,4500600,31.617647,0.068,PNK,1
302,ASR,235.5599976,7066800128,0.021900748,35538,12.018367,19.6,NYQ,0
303,CHKR,0.829999983,38802500,0.041514856,76900,2.9642856,0.28,PNK,1
304,ATO,113.8499985,16906269696,0.01180881,1687300,18.663935,6.1,NYQ,0
305,AGM,168.6999969,1767031296,0.018006036,41525,10.926166,15.44,NYQ,0
306,ACAN,0.163000003,3964309,0.102727521,4800,Infinity,0,PNK,1
307,APLE,16.87999916,3862262016,0.016322571,1880402,24.463766,0.69,NYQ,0
308,ALX,185.4199982,946993728,0.016014701,29200,9.577479,19.36,NYQ,0
309,RHHBY,34.36000061,2.20708E+11,0.011422202,1023600,17.530613,1.96,PNK,0
310,AR,23.87999916,7176990720,0.029005201,3315400,8.683636,2.75,NYQ,0
311,RSKIA,12.60000038,62085368,0.017732221,100,10.243902,1.23,PNK,1
312,ATR,128.1000061,8426585088,0.011603439,218283,30.427555,4.21,NYQ,0
313,ANIP,50.56999969,1034308224,0.024268102,160791,93.64815,0.54,NGM,0
314,WCRS,4.75,43263236,0.011242917,0,4.0948277,1.16,PNK,1
315,EUBG,0.389400005,662439488,0.072689442,40294,Infinity,0,PNK,1
316,MPAD,11.5,29650680,0.020556977,11300,82.14286,0.14,PNK,1
317,GPI,291.1799927,4024893696,0.02130043,98600,6.372948,45.69,NYQ,0
318,HGTXU,0.5,19815000,0.044465639,24600,0.7179348,0.69,PNK,1
319,AM,13.38000011,6418560000,0.014486541,1982200,18.328766,0.73,NYQ,0
320,AVA,34.90999985,2700902912,0.014309526,533800,15.868181,2.2,NYQ,0
321,ITHUF,0.034000002,239505680,0.115646488,169400,1.1400001,0.03,PNK,1
322,LAMR,104.2200012,10629189632,0.018167282,564400,25.79703,4.04,NMS,0
323,LBRDB,81.55000305,12299290624,0.024585474,0,17.923077,4.55,PNK,1
324,DD,72.41000366,31139342336,0.015188219,4429300,36.756348,1.97,NYQ,0
325,ANSS,295.480011,25669175296,0.017872757,574500,53.432186,5.53,NMS,0
326,APA,36.20000076,11106305024,0.025130819,3208900,7.2255487,5.01,NMS,0
327,CMTV,17.54999924,96413728,0.027769129,0,6.597744,2.66,PNK,1
328,ENZN,0.100000001,7791048,0.071738267,16300,Infinity,0,PNK,1
329,CVU,2.349999905,29780138,0.035698735,19200,3.1756754,0.74,ASE,0
330,ECTM,0.479999989,8450400,0.035670209,40500,1.4117646,0.34,PNK,1
331,AMRK,29.80999947,692152384,0.023208167,402000,5.645833,5.28,NMS,0
332,FMCKL,1.860000014,1360822528,0.043859508,2329,27.35294,0.068,PNK,1
333,AWR,81.26000214,3005043712,0.014134722,159300,24.475904,3.32,NYQ,0
334,CVSI,0.039999999,5720385,0.097400149,35700,3.7,0.01,PNK,1
335,AZO,2641.75,46583828480,0.013376069,233800,19.960331,132.35,NYQ,0
336,RGBP,1.24000001,4412986,128.6869156,16896,4.275862,0.29,PNK,1
337,BDCO,4.449999809,66402896,0.076591394,18600,2.0794392,2.14,PNK,1
338,AMZN,147.0299988,1.51951E+12,0.021491625,39924600,76.97906,1.91,NMS,0
339,FMCCN,3,1328180992,0.03939572,300,44.117645,0.068,PNK,1
340,APH,92.27999878,55212048384,0.012265337,4287000,29.767742,3.1,NYQ,0
341,NVS,98.12999725,2.01702E+11,0.011841085,1195300,25.42228,3.86,NYQ,0
342,CNLHN,30.10000038,181659520,0.013071179,0,0.40302068,74.686,PNK,1
343,GIL,37.13999939,6395507712,0.01939483,1414760,14.229885,2.61,NYQ,0
344,ATLC,31.31999969,456880480,0.032780112,33818,7.601942,4.12,NMS,0
345,SCIA,4.260000229,19307756,0.034734498,9800,9.265218,0.46,PNK,1
346,AVD,9.989999771,287216480,0.024077361,319631,62.4375,0.16,NYQ,0
347,LUV,26.69000053,15910309888,0.019986082,7855400,32.95062,0.81,NYQ,0
348,IMHC,0.0152,2795888,0.181766865,825152,0.304,0.05,PNK,1
349,BDX,238.25,69188993024,0.012345769,1512400,46.715687,5.1,NYQ,0
350,ROK,281.4700012,32277010432,0.017122168,1086800,23.53428,11.96,NYQ,0
351,AILLO,65.5,1667132160,0.010371757,0,3.7533665,17.451,PNK,1
352,UNTC,54.27999878,526161536,0.020337775,65660,2.1252935,25.54,PNK,1
353,LULU,466.6099854,59045294080,0.022157408,2454900,59.139416,7.89,NMS,0
354,FMFG,16.76000023,14662553,0.034960825,20400,6.2051096,2.701,PNK,1
355,PANW,296.1600037,93382508544,0.024141908,6153300,166.38203,1.78,NMS,0
356,AIG,65.97000122,46313578496,0.016607103,3439000,11.453125,5.76,NYQ,0
357,VRSK,242.7299957,35192696832,0.012366824,690800,45.455055,5.34,NMS,0
358,PGAI,0.0002,1064,0.30189166,0,1.13E-05,17.76,PNK,1
359,AILIH,63.5,1616227456,0.009325151,0,3.6387599,17.451,PNK,1
360,WAB,120.1200027,21520580608,0.013693764,1007100,28.600002,4.2,NYQ,0
361,LLY,584.039978,5.54433E+11,0.018098371,3635900,105.23242,5.55,NYQ,0
362,ANGO,6.860000134,273347680,0.032534713,554944,45.733334,0.15,NMS,0
363,FMCKN,1.809999943,1453585664,0.03271854,10000,26.617645,0.068,PNK,1
364,THST,0.270000011,2890944,0.183628006,0,2.4545455,0.11,PNK,1
365,STLY,6,17174220,0.032895689,0,12.5,0.48,PNK,1
366,NNUP,3.299999952,34653960,0.043822524,0,13.75,0.24,PNK,1
367,BABB,0.709999979,5167261,0.032588942,900,10.162857,0.07,PNK,1
368,UEPEP,73.25,7480583168,0.021064482,700,14.3543005,5.103,PNK,1
369,AEL,55.58000183,4392198656,0.0220106,361819,62.44944,0.89,NYQ,0
370,AVY,195.1900024,15718903808,0.014937558,433800,32.915684,5.93,NYQ,0
371,ACNB,40.54000092,344902560,0.025699138,20921,9.151242,4.43,NCM,0
372,ALRM,56.47999954,2825812992,0.024005819,232488,44.125,1.28,NMS,0
373,NPHC,1.00E-04,7596,0.845520595,0,Infinity,0,PNK,1
374,AMH,36.97999954,15288752128,0.014768369,4123100,35.557693,1.04,NYQ,0
375,ENBP,13.44999981,76073600,0.018888674,100,5.92511,2.27,PNK,1
376,ADSK,224.9299927,48081936384,0.019987143,1976900,52.924706,4.25,NMS,0
377,GLGI,0.980000019,27714106,0.04549764,12500,4.666667,0.21,PNK,1
378,FZMD,0.119999997,8498017,0.218264495,54200,2.3,0.05,PNK,1
379,ERKH,17.14999962,18387030,0.027712961,1000,285.83334,0.06,PNK,1
380,WAYN,22.71999931,49977408,0.015203234,3000,6.1571813,3.69,PNK,1
381,CNLHP,35.5,214249600,0.008818915,300,0.47532338,74.686,PNK,1
382,SSBP,7.25,16140748,0.022392381,0,13.425925,0.54,PNK,1
383,BCTF,10,46948100,0.027131121,4100,5.952381,1.68,PNK,1
384,BUKS,0.689999998,47629252,0.027380138,33300,11.5,0.06,PNK,1
385,ELST,0.319999993,1577933,0.067315135,0,Infinity,0,PNK,1
386,ACRE,10.34000015,559813824,0.021876681,499200,172.33334,0.06,NYQ,0
387,CSBB,37.18000031,99319304,0.022927096,200,6.747731,5.51,PNK,1
388,AAN,9.489999771,287825056,0.037990423,713200,31.633331,0.3,NYQ,0
389,AROW,26.44000053,452224480,0.024532061,102133,13.154229,2.01,NMS,0
390,CRMT,75.47000122,482928768,0.033841048,130470,45.19162,1.67,NMS,0
391,AIR,69.84999847,2465355776,0.017149752,292800,37.154255,1.88,NYQ,0
392,AMD,121.3899994,1.96154E+11,0.029486338,37017600,1103.5454,0.11,NMS,0
393,FMCKM,1.789999962,1440203520,0.040781613,2000,26.323528,0.068,PNK,1
394,ABG,217.6100006,4477848064,0.024933687,118000,5.205981,41.8,NYQ,0
395,AME,157.0500031,36246986752,0.011839518,691000,28.502722,5.51,NYQ,0
396,ARRY,16.27000046,2461049088,0.042531129,5658900,41.717953,0.39,NGM,0
397,ALK,39.72999954,5087545856,0.019821294,2605000,19.766169,2.01,NYQ,0
398,ACM,89.54000092,12176276480,0.013789874,896600,110.54321,0.81,NYQ,0
399,PPBN,24,52716960,0.017352637,300,5.240175,4.58,PNK,1
400,MANH,227.9199982,14031940608,0.017478901,296500,86.33333,2.64,NMS,0
401,KLIC,52.45999908,2975531264,0.021082453,519500,52.9899,0.99,NMS,0
402,BAM,36.06000137,14064951296,0.019113473,1884400,601.00006,0.06,NYQ,0
403,BAH,128.1600037,16709628928,0.014227843,690300,57.47085,2.23,NYQ,0
404,MITT,5.440000057,110078400,0.02065941,151870,11.10204,0.49,NYQ,0
405,ABCB,45.22000122,3123915264,0.02463767,409447,10.975729,4.12,NMS,0
406,ADM,75.08000183,40046243840,0.013571199,2722400,10.442281,7.19,NYQ,0
407,KBPH,1,13287600,0,0,50,0.02,PNK,1
408,AILLM,78,1985287168,0.007866142,0,4.469658,17.451,PNK,1
409,HASI,25.37000084,2854860800,0.038328089,1208356,70.47222,0.36,NYQ,0
410,FNMAN,3.769999981,2807575552,0.044655534,1700,538.5714,0.007,PNK,1
411,ARC,2.950000048,126737312,0.025946314,161500,11.346154,0.26,NYQ,0
412,CNLHO,35,211232000,0.03458516,0,0.46862867,74.686,PNK,1
413,UNIR,0.0003,1121,0.086479084,0,0.00075,0.4,PNK,1
414,AVGO,930,4.85043E+11,0.019584388,2960300,28.650648,32.46,NMS,0
415,AER,69.48999786,14055115776,0.01693515,2129500,6.4883285,10.71,NYQ,0
416,AXP,173.7599945,1.26627E+11,0.016425488,3412000,16.28491,10.67,NYQ,0
417,FREGP,3.049999952,1224706176,0.034637452,0,44.85294,0.068,PNK,1
418,PFHO,0.730000019,9344000,0.025071847,0,18.25,0.04,PNK,1
419,CNTHN,38.75,233864000,0.010926154,0,0.5188389,74.686,PNK,1
420,NROM,0.270000011,6027065,0.076831866,5000,13.565,0.02,PNK,1
421,ABEV,2.849999905,45162807296,0.015944882,8473000,15,0.19,NYQ,0
422,AMBC,14.84000015,670686400,0.017138097,314000,3.5000002,4.24,NYQ,0
423,PAG,154.2700043,10369119232,0.019463238,270500,9.139218,16.88,NYQ,0
424,RVRF,31,237417840,0.009573597,0,8.6350975,3.59,PNK,1
425,ALLY,30.86000061,9308302336,0.027175987,5271400,8.363144,3.69,NYQ,0
426,AMIH,0.002,360750,0.264476127,1600,0.003425926,0.54,PNK,1
427,ASGN,92.26999664,4355143680,0.019301652,327252,20.27912,4.55,NYQ,0
428,BBXIA,7.826000214,115811496,0.014413554,3600,6.632204,1.18,PNK,1
429,OPXS,4.400000095,29757508,0.023957837,4000,17.6,0.25,NCM,1
430,CNLPL,50.59999847,305381120,0.012234212,600,0.67750317,74.686,PNK,1
431,CRMZ,2.329999924,24983192,0.043562047,10200,15.533332,0.15,PNK,1
432,FMBM,15.64999962,54499088,0.015879943,2200,13.49138,1.16,PNK,1
433,AMG,136.8099976,4625354240,0.01656025,531800,4.750347,28.8,NYQ,0
434,SCXLB,11,69700176,0.031271173,0,3.618421,3.04,PNK,1
435,AEM,54.38999939,26980921344,0.019067863,4516500,10.5,5.18,NYQ,0
436,WAL,54.86000061,6005743616,0.066907656,2380600,6.961929,7.88,NYQ,0
437,APO,92.69999695,52612345856,0.02073597,3094200,35.247147,2.63,NYQ,0
438,AN,140.1300049,5958397952,0.02377178,404400,5.988462,23.4,NYQ,0
439,EQFN,11.10000038,31297340,0.006410181,0,9.173553,1.21,PNK,1
440,QNBC,22.60000038,82277560,0.015232235,0,5.87013,3.85,PNK,1
441,AFL,82.61000061,48275636224,0.012509189,2016200,11.316438,7.3,NYQ,0
442,ESMC,0.25999999,1964320,0.091918733,500,3.31125,0.08,PNK,1
443,ACCO,5.46999979,519243008,0.024158997,545100,9.431034,0.58,NYQ,0
444,NOG,37.90000153,3809253376,0.024094089,1441200,4.980289,7.61,NYQ,0
445,EFBI,17,22844260,0.016550635,12500,48.57143,0.35,PNK,1
446,PAA,15.92000008,11159809024,0.014336212,3613800,11.880597,1.34,NMS,0
447,UEPEN,58.93999863,6019188224,0.021093371,0,11.550068,5.103,PNK,1
448,AVB,177.9400024,25270151168,0.013875579,1174600,27.042553,6.58,NYQ,0
449,VPRB,0.165000007,14690845,0.089098738,15400,4.13575,0.04,PNK,1
450,AGI,14.85999966,5889998848,0.020017922,2883800,29.137255,0.51,NYQ,0
451,RGA,163.4799957,10774280192,0.015678827,249952,9.661939,16.92,NYQ,0
452,AAPL,191.2400055,2.97432E+12,0.013727171,45679300,31.146582,6.14,NMS,0
453,AMSWA,10.19999981,343727744,0.023972976,159950,42.5,0.24,NMS,0
454,AUDC,11.31999969,358242912,0.03394547,116500,29.02564,0.39,NMS,0
455,AMP,356.2900085,36055121920,0.016263574,676300,17.178883,20.74,NYQ,0
456,ODC,56,407632384,0.023221696,18700,13.559321,4.13,NYQ,0
457,REX,47.15999985,825474496,0.03037279,186900,16.96403,2.78,NYQ,0
458,FWONB,58.5,14762768384,0.015539673,0,30.46875,1.92,PNK,1
459,BGR,12.72999954,354249152,0.012910477,57089,6.8810806,1.85,NYQ,0
460,AMKR,28.45999908,6994556928,0.026501575,774000,17.353659,1.64,NMS,0
461,FMCCH,3.039999962,1255732864,0.03809222,6500,44.70588,0.068,PNK,1
462,WRLD,116.1900024,723637120,0.036868813,52700,12.192026,9.53,NMS,0
463,MDEX,0.0003,479730,0.311214443,0,0.001875,0.16,PNK,1
464,NCPL,0.351000011,3367450,0.09538057,334100,0.65925926,0.54,NCM,1
465,ISCO,0.109999999,896491,0.100140599,1400,5.6000004,0.02,PNK,1
466,AMAT,151.5899963,1.2681E+11,0.021863709,4923600,18.691738,8.11,NMS,0
467,EACO,34.5,167724848,0.021619463,0,7.9493084,4.34,PNK,1
468,SBYSF,1.120000005,3179220736,0.081777764,0,4.3076925,0.26,PNK,1
469,DIT,173.0099945,109058928,0.033324257,245,8.890545,19.46,ASE,0
470,BBRW,0.0003,475425,0.373579583,221988900,0.00012931,2.32,PNK,1
471,CACC,473.8999939,5955359232,0.028392358,73300,19.494036,24.31,NMS,0
472,TBTC,4.010000229,18585790,0.02887394,1100,13.827587,0.29,PNK,1
473,BRTHY,33.49000168,4355542016,0.016319667,0,16.829147,1.99,PNK,1
474,SKAS,7.599999905,7420108,0.036581778,700,4,1.9,PNK,1
475,ORLY,980.5200195,58036883456,0.012427026,321700,26.119339,37.54,NMS,0
476,NAUH,0.029999999,865068,0.1230624,0,0.2057353,0.17,PNK,1
477,LND,5.010000229,499792608,0.024970476,132404,9.109091,0.55,NYQ,0
478,SUME,0.398000002,12949010,0.199511606,0,39.8,0.01,PNK,1
479,EFSI,30.47999954,107316728,0.009676873,500,10.5103445,2.9,PNK,1
480,ISBA,19.98999977,149799056,0.026675616,1400,7.3492646,2.72,PNK,1
481,UCASU,0.5,2742515,0.190440009,0,2.9411764,0.17,PNK,1
482,IWSY,1.00E-04,34796,0.240448403,1000,0.01,0.01,PNK,1
483,MAA,126.7900009,15193879552,0.014373205,1013800,25.358,5,NYQ,0
484,FNMAK,3.25999999,2409470208,0.041828449,700,465.42853,0.007,PNK,1
485,CNLTP,34.49000168,208154064,0.017714015,900,0.4618001,74.686,PNK,1
486,MMND,0.140000001,4813517,0.136174146,0,6.9750004,0.02,PNK,1
487,CNTHP,54,325900800,0.009700649,1000,0.7230271,74.686,PNK,1
488,JUVF,12.98999977,64834776,0.021591902,700,9.278571,1.4,PNK,1
489,ASX,8.739999771,18822725632,0.019494735,3593900,16.185184,0.54,NYQ,0
490,UNXP,1.580000043,24635360,0.08337502,0,158.00002,0.01,PNK,1
491,AYI,182.8600006,5659114496,0.017824991,266800,17.010233,10.75,NYQ,0
492,AGNC,9.050000191,6076867072,0.01808255,21172000,18.854168,0.48,NMS,0
493,AON,326.769989,65424580608,0.011300671,924400,24.811693,13.17,NYQ,0
